gus;G;avjn;jesse we need to cook.;jo:jo:;END OF SHOWING
Thor;G;waititi;thor is a god;chris:hemsworth:;NOW SHOWING
matrix;PG13;john;john 12;john:mary:;END OF SHOWING
meter;R21;josh;avgeav;josh:may:;NOW SHOWING
sr;PG;jxl;bod;hy:sr:;NOW SHOWING
Ghostbusters;PG;Ivan ; an establishment called Ghostbusters to fight the evil ghosts;Harold Rammis: Bill Murray: Sigourney Weaver:;NOW SHOWING
Avatar;PG13;James Cameron;Jake, a paraplegic, replaces his twin on the Na'vi inhabited Pandora for a corporate mission.;Zoe Saldana: Sam Worthington: Sigourney Weaver:;NOW SHOWING
Up;G;Pete Docter;78-year-old Carl Fredricksen travels to Paradise Falls in his house equipped with balloons;Edward Asner: Jordan Nagai: Elizabath Docter:;NOW SHOWING
